[
  {
    "jobid": 12134,
    "jobtitle": "Software",
    "username": "Sarath",
    "date": "09-02-2022",
    "emailid": "sarath@gmail.com"
  },
  {
    "jobid": 12135,
    "jobtitle": "Software",
    "username": "Praveen",
    "date": "19-02-2022",
    "emailid": "Praveen@gmail.com"
  },
  {
    "jobid": 12136,
    "jobtitle": "Software",
    "username": "Nivetha",
    "date": "01-03-2022",
    "emailid": "Nivetha@gmail.com"
  },
  {
    "jobid": 12137,
    "jobtitle": "Software",
    "username": "Charan",
    "date": "10-03-2022",
    "emailid": "Charan@gmail.com"
  },
  {
    "jobid": 12138,
    "jobtitle": "Software",
    "username": "Hari",
    "date": "25-03-2022",
    "emailid": "Hari@gmail.com"
  }
]
